Timestamp,Milliseconds,Latitude,Longitude,Altitude
2019-11-19 14:01:45,1,-22.9147752,-43.5605143,0.0
2019-11-19 14:01:45,100,-22.9147752,-43.5605143,0.0
2019-11-19 14:01:45,200,-22.9147752,-43.5605143,0.0
2019-11-19 14:01:46,301,-22.9147752,-43.5605143,0.0
2019-11-19 14:01:46,400,-22.9147752,-43.5605143,0.0
2019-11-19 14:01:46,500,-22.9147752,-43.5605143,0.0
2019-11-19 14:01:46,600,-22.9147752,-43.5605143,0.0
2019-11-19 14:01:46,701,-22.9147752,-43.5605143,0.0
2019-11-19 14:01:46,800,-22.9147752,-43.5605143,0.0
2019-11-19 14:01:46,900,-22.9147752,-43.5605143,0.0
2019-11-19 14:01:46,1001,-22.9147752,-43.5605143,0.0
2019-11-19 14:01:46,1100,-22.9147752,-43.5605143,0.0
2019-11-19 14:01:46,1200,-22.9147752,-43.5605143,0.0
2019-11-19 14:01:47,1300,-22.9147752,-43.5605143,0.0
2019-11-19 14:01:47,1400,-22.9147752,-43.5605143,0.0
2019-11-19 14:01:47,1500,-22.9147752,-43.5605143,0.0
2019-11-19 14:01:47,1600,-22.9147752,-43.5605143,0.0
2019-11-19 14:01:47,1701,-22.9147752,-43.5605143,0.0
2019-11-19 14:01:47,1800,-22.9147752,-43.5605143,0.0
2019-11-19 14:01:47,1900,-22.9147752,-43.5605143,0.0
2019-11-19 14:01:47,2001,-22.9147752,-43.5605143,0.0
2019-11-19 14:01:47,2100,-22.9147752,-43.5605143,0.0
2019-11-19 14:01:47,2201,-22.9147752,-43.5605143,0.0
2019-11-19 14:01:48,2300,-22.9147752,-43.5605143,0.0
2019-11-19 14:01:48,2400,-22.9147752,-43.5605143,0.0
2019-11-19 14:01:48,2501,-22.9147752,-43.5605143,0.0
2019-11-19 14:01:48,2601,-22.9147752,-43.5605143,0.0
2019-11-19 14:01:48,2700,-22.9147752,-43.5605143,0.0
2019-11-19 14:01:48,2800,-22.9147752,-43.5605143,0.0
2019-11-19 14:01:48,2900,-22.9147752,-43.5605143,0.0
2019-11-19 14:01:48,3001,-22.9147752,-43.5605143,0.0
2019-11-19 14:01:48,3100,-22.9147752,-43.5605143,0.0
2019-11-19 14:01:48,3200,-22.9147752,-43.5605143,0.0
2019-11-19 14:01:49,3301,-22.9147752,-43.5605143,0.0
2019-11-19 14:01:49,3400,-22.9147752,-43.5605143,0.0
2019-11-19 14:01:49,3500,-22.9147752,-43.5605143,0.0
2019-11-19 14:01:49,3600,-22.9147752,-43.5605143,0.0
2019-11-19 14:01:49,3701,-22.9147752,-43.5605143,0.0
2019-11-19 14:01:49,3800,-22.9147752,-43.5605143,0.0
2019-11-19 14:01:49,3901,-22.9147752,-43.5605143,0.0
2019-11-19 14:01:49,4000,-22.9147752,-43.5605143,0.0
2019-11-19 14:01:49,4101,-22.9147752,-43.5605143,0.0
2019-11-19 14:01:49,4201,-22.9147752,-43.5605143,0.0
2019-11-19 14:01:50,4300,-22.9147752,-43.5605143,0.0
2019-11-19 14:01:50,4401,-22.9147752,-43.5605143,0.0
2019-11-19 14:01:50,4501,-22.9147752,-43.5605143,0.0
2019-11-19 14:01:50,4601,-22.9147752,-43.5605143,0.0
2019-11-19 14:01:50,4700,-22.9147752,-43.5605143,0.0
2019-11-19 14:01:50,4801,-22.9147752,-43.5605143,0.0
2019-11-19 14:01:50,4901,-22.9147752,-43.5605143,0.0
2019-11-19 14:01:50,5001,-22.9147752,-43.5605143,0.0
2019-11-19 14:01:50,5101,-22.9147752,-43.5605143,0.0
2019-11-19 14:01:50,5200,-22.9147752,-43.5605143,0.0
2019-11-19 14:01:51,5300,-22.9147752,-43.5605143,0.0
2019-11-19 14:01:51,5400,-22.9147752,-43.5605143,0.0
2019-11-19 14:01:51,5500,-22.9147752,-43.5605143,0.0
2019-11-19 14:01:51,5601,-22.9147752,-43.5605143,0.0
2019-11-19 14:01:51,5701,-22.9147752,-43.5605143,0.0
2019-11-19 14:01:51,5801,-22.9147752,-43.5605143,0.0
2019-11-19 14:01:51,5900,-22.9147752,-43.5605143,0.0
2019-11-19 14:01:51,6000,-22.9147752,-43.5605143,0.0
2019-11-19 14:01:51,6100,-22.9147752,-43.5605143,0.0
2019-11-19 14:01:51,6200,-22.9147752,-43.5605143,0.0
2019-11-19 14:01:52,6300,-22.9147752,-43.5605143,0.0
2019-11-19 14:01:52,6403,-22.9147752,-43.5605143,0.0
2019-11-19 14:01:52,6500,-22.9147752,-43.5605143,0.0
2019-11-19 14:01:52,6600,-22.9147752,-43.5605143,0.0
2019-11-19 14:01:52,6700,-22.9147752,-43.5605143,0.0
2019-11-19 14:01:52,6801,-22.9147752,-43.5605143,0.0
2019-11-19 14:01:52,6900,-22.9147752,-43.5605143,0.0
2019-11-19 14:01:52,7001,-22.9147752,-43.5605143,0.0
2019-11-19 14:01:52,7101,-22.9147752,-43.5605143,0.0
2019-11-19 14:01:52,7201,-22.9147752,-43.5605143,0.0
2019-11-19 14:01:53,7301,-22.9147752,-43.5605143,0.0
2019-11-19 14:01:53,7401,-22.9147752,-43.5605143,0.0
2019-11-19 14:01:53,7501,-22.9147752,-43.5605143,0.0
2019-11-19 14:01:53,7601,-22.9147752,-43.5605143,0.0
2019-11-19 14:01:53,7700,-22.9147752,-43.5605143,0.0
2019-11-19 14:01:53,7801,-22.9147752,-43.5605143,0.0
2019-11-19 14:01:53,7900,-22.9147752,-43.5605143,0.0
2019-11-19 14:01:53,8001,-22.9147752,-43.5605143,0.0
2019-11-19 14:01:53,8101,-22.9147752,-43.5605143,0.0
2019-11-19 14:01:53,8201,-22.9147752,-43.5605143,0.0
2019-11-19 14:01:54,8301,-22.9147752,-43.5605143,0.0
2019-11-19 14:01:54,8401,-22.9147752,-43.5605143,0.0
2019-11-19 14:01:54,8501,-22.9147752,-43.5605143,0.0
2019-11-19 14:01:54,8601,-22.9147752,-43.5605143,0.0
2019-11-19 14:01:54,8701,-22.9147752,-43.5605143,0.0
2019-11-19 14:01:54,8801,-22.9147752,-43.5605143,0.0
2019-11-19 14:01:54,8900,-22.9147752,-43.5605143,0.0
2019-11-19 14:01:54,9001,-22.9147752,-43.5605143,0.0
2019-11-19 14:01:54,9101,-22.9147752,-43.5605143,0.0
2019-11-19 14:01:54,9201,-22.9147752,-43.5605143,0.0
2019-11-19 14:01:55,9300,-22.9147752,-43.5605143,0.0
2019-11-19 14:01:55,9401,-22.9147752,-43.5605143,0.0
2019-11-19 14:01:55,9501,-22.9147752,-43.5605143,0.0
2019-11-19 14:01:55,9600,-22.9147752,-43.5605143,0.0
2019-11-19 14:01:55,9700,-22.9147752,-43.5605143,0.0
2019-11-19 14:01:55,9800,-22.9147752,-43.5605143,0.0
2019-11-19 14:01:55,9901,-22.9147752,-43.5605143,0.0
2019-11-19 14:01:55,10000,-22.9147752,-43.5605143,0.0
2019-11-19 14:01:55,10101,-22.9147752,-43.5605143,0.0
2019-11-19 14:01:55,10201,-22.9147752,-43.5605143,0.0
2019-11-19 14:01:56,10301,-22.9147752,-43.5605143,0.0
2019-11-19 14:01:56,10401,-22.9147752,-43.5605143,0.0
2019-11-19 14:01:56,10500,-22.9147752,-43.5605143,0.0
2019-11-19 14:01:56,10600,-22.9147752,-43.5605143,0.0
2019-11-19 14:01:56,10701,-22.9147752,-43.5605143,0.0
2019-11-19 14:01:56,10801,-22.9147752,-43.5605143,0.0
2019-11-19 14:01:56,10900,-22.9147752,-43.5605143,0.0
2019-11-19 14:01:56,11000,-22.9147752,-43.5605143,0.0
2019-11-19 14:01:56,11101,-22.9147752,-43.5605143,0.0
2019-11-19 14:01:56,11200,-22.9147752,-43.5605143,0.0
2019-11-19 14:01:57,11301,-22.9147752,-43.5605143,0.0
2019-11-19 14:01:57,11401,-22.9147752,-43.5605143,0.0
2019-11-19 14:01:57,11500,-22.9147752,-43.5605143,0.0
2019-11-19 14:01:57,11601,-22.9147752,-43.5605143,0.0
2019-11-19 14:01:57,11701,-22.9147752,-43.5605143,0.0
2019-11-19 14:01:57,11801,-22.9147752,-43.5605143,0.0
2019-11-19 14:01:57,11900,-22.9147752,-43.5605143,0.0
2019-11-19 14:01:57,12000,-22.9147752,-43.5605143,0.0
2019-11-19 14:01:57,12102,-22.9147752,-43.5605143,0.0
2019-11-19 14:01:57,12201,-22.9147752,-43.5605143,0.0
2019-11-19 14:01:58,12300,-22.9147752,-43.5605143,0.0
2019-11-19 14:01:58,12401,-22.9147752,-43.5605143,0.0
2019-11-19 14:01:58,12500,-22.9147752,-43.5605143,0.0
2019-11-19 14:01:58,12600,-22.9147752,-43.5605143,0.0
2019-11-19 14:01:58,12701,-22.9147752,-43.5605143,0.0
2019-11-19 14:01:58,12801,-22.9147752,-43.5605143,0.0
2019-11-19 14:01:58,12900,-22.9147752,-43.5605143,0.0
2019-11-19 14:01:58,13001,-22.9147752,-43.5605143,0.0
2019-11-19 14:01:58,13100,-22.9147752,-43.5605143,0.0
2019-11-19 14:01:58,13200,-22.9147752,-43.5605143,0.0
2019-11-19 14:01:59,13301,-22.9147752,-43.5605143,0.0
2019-11-19 14:01:59,13400,-22.9147752,-43.5605143,0.0
2019-11-19 14:01:59,13500,-22.9147752,-43.5605143,0.0
2019-11-19 14:01:59,13600,-22.9147752,-43.5605143,0.0
2019-11-19 14:01:59,13701,-22.9147752,-43.5605143,0.0
2019-11-19 14:01:59,13800,-22.9147752,-43.5605143,0.0
2019-11-19 14:01:59,13900,-22.9147752,-43.5605143,0.0
2019-11-19 14:01:59,14000,-22.9147752,-43.5605143,0.0
2019-11-19 14:01:59,14101,-22.9147752,-43.5605143,0.0
2019-11-19 14:01:59,14200,-22.9147752,-43.5605143,0.0
2019-11-19 14:02:00,14301,-22.9147752,-43.5605143,0.0
2019-11-19 14:02:00,14400,-22.9147752,-43.5605143,0.0
2019-11-19 14:02:00,14501,-22.9147752,-43.5605143,0.0
2019-11-19 14:02:00,14600,-22.9147752,-43.5605143,0.0
2019-11-19 14:02:00,14701,-22.9147752,-43.5605143,0.0
2019-11-19 14:02:00,14801,-22.9147752,-43.5605143,0.0
2019-11-19 14:02:00,14900,-22.9147752,-43.5605143,0.0
2019-11-19 14:02:00,15001,-22.9147752,-43.5605143,0.0
2019-11-19 14:02:00,15100,-22.9147752,-43.5605143,0.0
2019-11-19 14:02:00,15201,-22.9147752,-43.5605143,0.0
2019-11-19 14:02:01,15300,-22.9147752,-43.5605143,0.0
2019-11-19 14:02:01,15401,-22.9147752,-43.5605143,0.0
2019-11-19 14:02:01,15500,-22.9147752,-43.5605143,0.0
2019-11-19 14:02:01,15601,-22.9147752,-43.5605143,0.0
2019-11-19 14:02:01,15700,-22.9147752,-43.5605143,0.0
2019-11-19 14:02:01,15801,-22.9147752,-43.5605143,0.0
2019-11-19 14:02:01,15900,-22.9147752,-43.5605143,0.0
2019-11-19 14:02:01,16001,-22.9147752,-43.5605143,0.0
2019-11-19 14:02:01,16100,-22.9147752,-43.5605143,0.0
2019-11-19 14:02:01,16201,-22.9147752,-43.5605143,0.0
2019-11-19 14:02:02,16300,-22.9147752,-43.5605143,0.0
2019-11-19 14:02:02,16401,-22.9147752,-43.5605143,0.0
2019-11-19 14:02:02,16500,-22.9147752,-43.5605143,0.0
2019-11-19 14:02:02,16601,-22.9147752,-43.5605143,0.0
2019-11-19 14:02:02,16700,-22.9147752,-43.5605143,0.0
2019-11-19 14:02:02,16801,-22.9147752,-43.5605143,0.0
2019-11-19 14:02:02,16900,-22.9147752,-43.5605143,0.0
2019-11-19 14:02:02,17001,-22.9147752,-43.5605143,0.0
2019-11-19 14:02:02,17100,-22.9147752,-43.5605143,0.0
2019-11-19 14:02:02,17201,-22.9147752,-43.5605143,0.0
2019-11-19 14:02:03,17300,-22.9147752,-43.5605143,0.0
2019-11-19 14:02:03,17401,-22.9147752,-43.5605143,0.0
2019-11-19 14:02:03,17500,-22.9147752,-43.5605143,0.0
2019-11-19 14:02:03,17602,-22.9147752,-43.5605143,0.0
2019-11-19 14:02:03,17700,-22.9147752,-43.5605143,0.0
2019-11-19 14:02:03,17801,-22.9147752,-43.5605143,0.0
2019-11-19 14:02:03,17901,-22.9147752,-43.5605143,0.0
2019-11-19 14:02:03,18001,-22.9147752,-43.5605143,0.0
2019-11-19 14:02:03,18100,-22.9147752,-43.5605143,0.0
2019-11-19 14:02:03,18200,-22.9147752,-43.5605143,0.0
2019-11-19 14:02:04,18301,-22.9147752,-43.5605143,0.0
2019-11-19 14:02:04,18400,-22.9147752,-43.5605143,0.0
2019-11-19 14:02:04,18501,-22.9147752,-43.5605143,0.0
2019-11-19 14:02:04,18600,-22.9147752,-43.5605143,0.0
2019-11-19 14:02:04,18700,-22.9147752,-43.5605143,0.0
2019-11-19 14:02:04,18801,-22.9147752,-43.5605143,0.0
2019-11-19 14:02:04,18900,-22.9147752,-43.5605143,0.0
2019-11-19 14:02:04,19000,-22.9147752,-43.5605143,0.0
2019-11-19 14:02:04,19100,-22.9147752,-43.5605143,0.0
2019-11-19 14:02:04,19200,-22.9147752,-43.5605143,0.0
2019-11-19 14:02:05,19300,-22.9147752,-43.5605143,0.0
2019-11-19 14:02:05,19400,-22.9147752,-43.5605143,0.0
2019-11-19 14:02:05,19500,-22.9147752,-43.5605143,0.0
2019-11-19 14:02:05,19601,-22.9147752,-43.5605143,0.0
2019-11-19 14:02:05,19700,-22.9147752,-43.5605143,0.0
2019-11-19 14:02:05,19801,-22.9147752,-43.5605143,0.0
2019-11-19 14:02:05,19900,-22.9147752,-43.5605143,0.0
2019-11-19 14:02:05,20000,-22.9147752,-43.5605143,0.0
2019-11-19 14:02:05,20101,-22.9147752,-43.5605143,0.0
2019-11-19 14:02:05,20200,-22.9147752,-43.5605143,0.0
2019-11-19 14:02:06,20300,-22.9147752,-43.5605143,0.0
2019-11-19 14:02:06,20400,-22.9147752,-43.5605143,0.0
2019-11-19 14:02:06,20501,-22.9147752,-43.5605143,0.0
2019-11-19 14:02:06,20600,-22.9147752,-43.5605143,0.0
2019-11-19 14:02:06,20700,-22.9147752,-43.5605143,0.0
2019-11-19 14:02:06,20800,-22.9147752,-43.5605143,0.0
2019-11-19 14:02:06,20900,-22.9147752,-43.5605143,0.0
2019-11-19 14:02:06,21000,-22.9147752,-43.5605143,0.0
2019-11-19 14:02:06,21100,-22.9147752,-43.5605143,0.0
2019-11-19 14:02:06,21202,-22.9147752,-43.5605143,0.0
2019-11-19 14:02:07,21300,-22.9147752,-43.5605143,0.0
2019-11-19 14:02:07,21401,-22.9147752,-43.5605143,0.0
2019-11-19 14:02:07,21500,-22.9147752,-43.5605143,0.0
2019-11-19 14:02:07,21600,-22.9147752,-43.5605143,0.0
2019-11-19 14:02:07,21700,-22.9147752,-43.5605143,0.0
2019-11-19 14:02:07,21800,-22.9147752,-43.5605143,0.0
2019-11-19 14:02:07,21901,-22.9147752,-43.5605143,0.0
2019-11-19 14:02:07,22000,-22.9147752,-43.5605143,0.0
2019-11-19 14:02:07,22101,-22.9147752,-43.5605143,0.0
2019-11-19 14:02:07,22200,-22.9147752,-43.5605143,0.0
2019-11-19 14:02:08,22301,-22.9147752,-43.5605143,0.0
2019-11-19 14:02:08,22400,-22.9147752,-43.5605143,0.0
2019-11-19 14:02:08,22500,-22.9147752,-43.5605143,0.0
2019-11-19 14:02:08,22600,-22.9147752,-43.5605143,0.0
2019-11-19 14:02:08,22701,-22.9147752,-43.5605143,0.0
2019-11-19 14:02:08,22800,-22.9147752,-43.5605143,0.0
2019-11-19 14:02:08,22901,-22.9147752,-43.5605143,0.0
2019-11-19 14:02:08,23000,-22.9147752,-43.5605143,0.0
2019-11-19 14:02:08,23100,-22.9147752,-43.5605143,0.0
2019-11-19 14:02:08,23201,-22.9147752,-43.5605143,0.0
2019-11-19 14:02:09,23300,-22.9147752,-43.5605143,0.0
2019-11-19 14:02:09,23400,-22.9147752,-43.5605143,0.0
2019-11-19 14:02:09,23500,-22.9147752,-43.5605143,0.0
2019-11-19 14:02:09,23600,-22.9147752,-43.5605143,0.0
2019-11-19 14:02:09,23700,-22.9147752,-43.5605143,0.0
2019-11-19 14:02:09,23800,-22.9147752,-43.5605143,0.0
2019-11-19 14:02:09,23900,-22.9147752,-43.5605143,0.0
2019-11-19 14:02:09,24001,-22.9147752,-43.5605143,0.0
2019-11-19 14:02:09,24100,-22.9147752,-43.5605143,0.0
2019-11-19 14:02:09,24201,-22.9147752,-43.5605143,0.0
2019-11-19 14:02:10,24300,-22.9147752,-43.5605143,0.0
2019-11-19 14:02:10,24400,-22.9147752,-43.5605143,0.0
2019-11-19 14:02:10,24501,-22.9147752,-43.5605143,0.0
2019-11-19 14:02:10,24600,-22.9147752,-43.5605143,0.0
2019-11-19 14:02:10,24700,-22.9147752,-43.5605143,0.0
2019-11-19 14:02:10,24801,-22.9147752,-43.5605143,0.0
2019-11-19 14:02:10,24900,-22.9147752,-43.5605143,0.0
2019-11-19 14:02:10,25000,-22.9147752,-43.5605143,0.0
2019-11-19 14:02:10,25100,-22.9147752,-43.5605143,0.0
2019-11-19 14:02:10,25201,-22.9147752,-43.5605143,0.0
2019-11-19 14:02:11,25300,-22.9147752,-43.5605143,0.0
2019-11-19 14:02:11,25400,-22.9147752,-43.5605143,0.0
2019-11-19 14:02:11,25500,-22.9147752,-43.5605143,0.0
2019-11-19 14:02:11,25601,-22.9147752,-43.5605143,0.0
2019-11-19 14:02:11,25700,-22.9147752,-43.5605143,0.0
2019-11-19 14:02:11,25800,-22.9147752,-43.5605143,0.0
2019-11-19 14:02:11,25901,-22.9147752,-43.5605143,0.0
2019-11-19 14:02:11,26000,-22.9147752,-43.5605143,0.0
2019-11-19 14:02:11,26100,-22.9147752,-43.5605143,0.0
2019-11-19 14:02:11,26200,-22.9147752,-43.5605143,0.0
2019-11-19 14:02:12,26301,-22.9147752,-43.5605143,0.0
2019-11-19 14:02:12,26401,-22.9147752,-43.5605143,0.0
2019-11-19 14:02:12,26500,-22.9147752,-43.5605143,0.0
2019-11-19 14:02:12,26600,-22.9147752,-43.5605143,0.0
2019-11-19 14:02:12,26700,-22.9147752,-43.5605143,0.0
2019-11-19 14:02:12,26801,-22.9147752,-43.5605143,0.0
2019-11-19 14:02:12,26900,-22.9147752,-43.5605143,0.0
2019-11-19 14:02:12,27000,-22.9147752,-43.5605143,0.0
2019-11-19 14:02:12,27100,-22.9147752,-43.5605143,0.0
2019-11-19 14:02:12,27201,-22.9147752,-43.5605143,0.0
2019-11-19 14:02:13,27300,-22.9147752,-43.5605143,0.0
2019-11-19 14:02:13,27400,-22.9147752,-43.5605143,0.0
2019-11-19 14:02:13,27500,-22.9147752,-43.5605143,0.0
2019-11-19 14:02:13,27600,-22.9147752,-43.5605143,0.0
2019-11-19 14:02:13,27701,-22.9147752,-43.5605143,0.0
2019-11-19 14:02:13,27800,-22.9147752,-43.5605143,0.0
2019-11-19 14:02:13,27900,-22.9147752,-43.5605143,0.0
2019-11-19 14:02:13,28001,-22.9147752,-43.5605143,0.0
2019-11-19 14:02:13,28100,-22.9147752,-43.5605143,0.0
2019-11-19 14:02:13,28200,-22.9147752,-43.5605143,0.0
2019-11-19 14:02:14,28301,-22.9147752,-43.5605143,0.0
2019-11-19 14:02:14,28400,-22.9163183,-43.5604626,0.0
2019-11-19 14:02:14,28500,-22.9163183,-43.5604626,0.0
2019-11-19 14:02:14,28601,-22.9163183,-43.5604626,0.0
2019-11-19 14:02:14,28700,-22.9163183,-43.5604626,0.0
2019-11-19 14:02:14,28801,-22.9163183,-43.5604626,0.0
2019-11-19 14:02:14,28900,-22.9163183,-43.5604626,0.0
2019-11-19 14:02:14,29000,-22.9163183,-43.5604626,0.0
2019-11-19 14:02:14,29101,-22.9163183,-43.5604626,0.0
2019-11-19 14:02:14,29200,-22.9163183,-43.5604626,0.0
2019-11-19 14:02:15,29300,-22.9163183,-43.5604626,0.0
2019-11-19 14:02:15,29400,-22.9163183,-43.5604626,0.0
2019-11-19 14:02:15,29501,-22.9163183,-43.5604626,0.0
2019-11-19 14:02:15,29600,-22.9163183,-43.5604626,0.0
2019-11-19 14:02:15,29700,-22.9163183,-43.5604626,0.0
2019-11-19 14:02:15,29800,-22.9163183,-43.5604626,0.0
2019-11-19 14:02:15,29900,-22.9163183,-43.5604626,0.0
2019-11-19 14:02:15,30001,-22.9163183,-43.5604626,0.0
2019-11-19 14:02:15,30100,-22.9163183,-43.5604626,0.0
2019-11-19 14:02:15,30200,-22.9163183,-43.5604626,0.0
2019-11-19 14:02:16,30300,-22.9163183,-43.5604626,0.0
2019-11-19 14:02:16,30401,-22.9163183,-43.5604626,0.0
2019-11-19 14:02:16,30500,-22.9163183,-43.5604626,0.0
2019-11-19 14:02:16,30600,-22.9163183,-43.5604626,0.0
2019-11-19 14:02:16,30701,-22.9163183,-43.5604626,0.0
2019-11-19 14:02:16,30800,-22.9163183,-43.5604626,0.0
2019-11-19 14:02:16,30901,-22.9163183,-43.5604626,0.0
2019-11-19 14:02:16,31000,-22.9163183,-43.5604626,0.0
2019-11-19 14:02:16,31100,-22.9163183,-43.5604626,0.0
2019-11-19 14:02:16,31200,-22.9163183,-43.5604626,0.0
2019-11-19 14:02:17,31300,-22.9163183,-43.5604626,0.0
2019-11-19 14:02:17,31401,-22.9163183,-43.5604626,0.0
2019-11-19 14:02:17,31501,-22.9163183,-43.5604626,0.0
2019-11-19 14:02:17,31600,-22.9163183,-43.5604626,0.0
2019-11-19 14:02:17,31701,-22.9163183,-43.5604626,0.0
2019-11-19 14:02:17,31800,-22.9163183,-43.5604626,0.0
2019-11-19 14:02:17,31901,-22.9163183,-43.5604626,0.0
2019-11-19 14:02:17,32000,-22.9163183,-43.5604626,0.0
2019-11-19 14:02:17,32101,-22.9163183,-43.5604626,0.0
2019-11-19 14:02:17,32200,-22.9163183,-43.5604626,0.0
2019-11-19 14:02:18,32300,-22.9163183,-43.5604626,0.0
2019-11-19 14:02:18,32401,-22.9163183,-43.5604626,0.0
2019-11-19 14:02:18,32500,-22.9163183,-43.5604626,0.0
2019-11-19 14:02:18,32601,-22.9163183,-43.5604626,0.0
2019-11-19 14:02:18,32700,-22.9163183,-43.5604626,0.0
2019-11-19 14:02:18,32801,-22.9163183,-43.5604626,0.0
2019-11-19 14:02:18,32900,-22.9163183,-43.5604626,0.0
2019-11-19 14:02:18,33001,-22.9163183,-43.5604626,0.0
2019-11-19 14:02:18,33100,-22.9163183,-43.5604626,0.0
2019-11-19 14:02:18,33201,-22.9163183,-43.5604626,0.0
2019-11-19 14:02:19,33300,-22.9163183,-43.5604626,0.0
2019-11-19 14:02:19,33400,-22.9163183,-43.5604626,0.0
2019-11-19 14:02:19,33501,-22.9163183,-43.5604626,0.0
2019-11-19 14:02:19,33600,-22.9163183,-43.5604626,0.0
2019-11-19 14:02:19,33700,-22.9163183,-43.5604626,0.0
2019-11-19 14:02:19,33801,-22.9163183,-43.5604626,0.0
2019-11-19 14:02:19,33900,-22.9163183,-43.5604626,0.0
2019-11-19 14:02:19,34000,-22.9165883,-43.5605719,0.0
2019-11-19 14:02:19,34101,-22.9165883,-43.5605719,0.0
2019-11-19 14:02:19,34200,-22.9165883,-43.5605719,0.0
2019-11-19 14:02:20,34301,-22.9165883,-43.5605719,0.0
2019-11-19 14:02:20,34400,-22.9165883,-43.5605719,0.0
2019-11-19 14:02:20,34501,-22.9165883,-43.5605719,0.0
2019-11-19 14:02:20,34600,-22.9165883,-43.5605719,0.0
2019-11-19 14:02:20,34700,-22.9165883,-43.5605719,0.0
2019-11-19 14:02:20,34801,-22.9165883,-43.5605719,0.0
2019-11-19 14:02:20,34900,-22.9165883,-43.5605719,0.0
2019-11-19 14:02:20,35001,-22.9165883,-43.5605719,0.0
2019-11-19 14:02:20,35100,-22.9165883,-43.5605719,0.0
2019-11-19 14:02:20,35201,-22.9165883,-43.5605719,0.0
2019-11-19 14:02:21,35300,-22.9165883,-43.5605719,0.0
2019-11-19 14:02:21,35401,-22.9165883,-43.5605719,0.0
2019-11-19 14:02:21,35500,-22.9165883,-43.5605719,0.0
2019-11-19 14:02:21,35601,-22.9165883,-43.5605719,0.0
2019-11-19 14:02:21,35700,-22.9165883,-43.5605719,0.0
2019-11-19 14:02:21,35800,-22.9165883,-43.5605719,0.0
2019-11-19 14:02:21,35901,-22.9165883,-43.5605719,0.0
2019-11-19 14:02:21,36000,-22.9165883,-43.5605719,0.0
2019-11-19 14:02:21,36100,-22.9165883,-43.5605719,0.0
2019-11-19 14:02:21,36201,-22.9165883,-43.5605719,0.0
2019-11-19 14:02:22,36300,-22.9165883,-43.5605719,0.0
2019-11-19 14:02:22,36401,-22.9165883,-43.5605719,0.0
2019-11-19 14:02:22,36500,-22.9165883,-43.5605719,0.0
2019-11-19 14:02:22,36601,-22.9165883,-43.5605719,0.0
2019-11-19 14:02:22,36700,-22.9165883,-43.5605719,0.0
2019-11-19 14:02:22,36801,-22.9165883,-43.5605719,0.0
2019-11-19 14:02:22,36900,-22.9165883,-43.5605719,0.0
2019-11-19 14:02:22,37001,-22.9165883,-43.5605719,0.0
2019-11-19 14:02:22,37100,-22.9165883,-43.5605719,0.0
2019-11-19 14:02:22,37201,-22.9165883,-43.5605719,0.0
2019-11-19 14:02:23,37300,-22.9165883,-43.5605719,0.0
2019-11-19 14:02:23,37400,-22.9165883,-43.5605719,0.0
2019-11-19 14:02:23,37501,-22.9165883,-43.5605719,0.0
2019-11-19 14:02:23,37600,-22.9165883,-43.5605719,0.0
2019-11-19 14:02:23,37701,-22.9165883,-43.5605719,0.0
2019-11-19 14:02:23,37800,-22.9165883,-43.5605719,0.0
2019-11-19 14:02:23,37901,-22.9165883,-43.5605719,0.0
2019-11-19 14:02:23,38000,-22.9165883,-43.5605719,0.0
2019-11-19 14:02:23,38100,-22.9165883,-43.5605719,0.0
2019-11-19 14:02:23,38201,-22.9165883,-43.5605719,0.0
2019-11-19 14:02:24,38300,-22.9165883,-43.5605719,0.0
2019-11-19 14:02:24,38401,-22.9165883,-43.5605719,0.0
2019-11-19 14:02:24,38500,-22.9165883,-43.5605719,0.0
2019-11-19 14:02:24,38600,-22.9165883,-43.5605719,0.0
2019-11-19 14:02:24,38700,-22.9165883,-43.5605719,0.0
2019-11-19 14:02:24,38801,-22.9165883,-43.5605719,0.0
2019-11-19 14:02:24,38900,-22.9165883,-43.5605719,0.0
2019-11-19 14:02:24,39000,-22.9165883,-43.5605719,0.0
2019-11-19 14:02:24,39100,-22.9165883,-43.5605719,0.0
2019-11-19 14:02:24,39200,-22.9165883,-43.5605719,0.0
2019-11-19 14:02:25,39300,-22.9165883,-43.5605719,0.0
2019-11-19 14:02:25,39400,-22.9166158,-43.5605838,0.0
2019-11-19 14:02:25,39500,-22.9166158,-43.5605838,0.0
2019-11-19 14:02:25,39600,-22.9166158,-43.5605838,0.0
2019-11-19 14:02:25,39700,-22.9166158,-43.5605838,0.0
2019-11-19 14:02:25,39801,-22.9166158,-43.5605838,0.0
2019-11-19 14:02:25,39900,-22.9166158,-43.5605838,0.0
2019-11-19 14:02:25,40000,-22.9166158,-43.5605838,0.0
2019-11-19 14:02:25,40100,-22.9166158,-43.5605838,0.0
2019-11-19 14:02:25,40201,-22.9166158,-43.5605838,0.0
2019-11-19 14:02:26,40300,-22.9166158,-43.5605838,0.0
2019-11-19 14:02:26,40400,-22.9166158,-43.5605838,0.0
2019-11-19 14:02:26,40501,-22.9166158,-43.5605838,0.0
2019-11-19 14:02:26,40600,-22.9166158,-43.5605838,0.0
2019-11-19 14:02:26,40700,-22.9166158,-43.5605838,0.0
2019-11-19 14:02:26,40800,-22.9166158,-43.5605838,0.0
2019-11-19 14:02:26,40901,-22.9166158,-43.5605838,0.0
2019-11-19 14:02:26,41000,-22.9166158,-43.5605838,0.0
2019-11-19 14:02:26,41101,-22.9166158,-43.5605838,0.0
2019-11-19 14:02:26,41200,-22.9166158,-43.5605838,0.0
2019-11-19 14:02:27,41301,-22.9166158,-43.5605838,0.0
2019-11-19 14:02:27,41400,-22.9166158,-43.5605838,0.0
2019-11-19 14:02:27,41501,-22.9166158,-43.5605838,0.0
2019-11-19 14:02:27,41600,-22.9166158,-43.5605838,0.0
2019-11-19 14:02:27,41700,-22.9166158,-43.5605838,0.0
2019-11-19 14:02:27,41800,-22.9166158,-43.5605838,0.0
2019-11-19 14:02:27,41900,-22.9166158,-43.5605838,0.0
2019-11-19 14:02:27,42001,-22.9166158,-43.5605838,0.0
2019-11-19 14:02:27,42100,-22.9166158,-43.5605838,0.0
2019-11-19 14:02:27,42201,-22.9166158,-43.5605838,0.0
2019-11-19 14:02:28,42300,-22.9166158,-43.5605838,0.0
2019-11-19 14:02:28,42401,-22.9166158,-43.5605838,0.0
2019-11-19 14:02:28,42500,-22.9166158,-43.5605838,0.0
2019-11-19 14:02:28,42601,-22.9166158,-43.5605838,0.0
2019-11-19 14:02:28,42700,-22.9166158,-43.5605838,0.0
2019-11-19 14:02:28,42800,-22.9166158,-43.5605838,0.0
2019-11-19 14:02:28,42900,-22.9166158,-43.5605838,0.0
2019-11-19 14:02:28,43001,-22.9166158,-43.5605838,0.0
2019-11-19 14:02:28,43100,-22.9166158,-43.5605838,0.0
2019-11-19 14:02:28,43200,-22.9166158,-43.5605838,0.0
2019-11-19 14:02:29,43302,-22.9166158,-43.5605838,0.0
2019-11-19 14:02:29,43400,-22.9166158,-43.5605838,0.0
2019-11-19 14:02:29,43500,-22.9166158,-43.5605838,0.0
2019-11-19 14:02:29,43601,-22.9166158,-43.5605838,0.0
2019-11-19 14:02:29,43700,-22.9166158,-43.5605838,0.0
2019-11-19 14:02:29,43800,-22.9166158,-43.5605838,0.0
2019-11-19 14:02:29,43901,-22.9166158,-43.5605838,0.0
2019-11-19 14:02:29,44000,-22.9166158,-43.5605838,0.0
2019-11-19 14:02:29,44101,-22.9166158,-43.5605838,0.0
2019-11-19 14:02:29,44200,-22.9166158,-43.5605838,0.0
2019-11-19 14:02:30,44300,-22.9166158,-43.5605838,0.0
2019-11-19 14:02:30,44401,-22.9166158,-43.5605838,0.0
2019-11-19 14:02:30,44500,-22.9166158,-43.5605838,0.0
2019-11-19 14:02:30,44600,-22.9166158,-43.5605838,0.0
2019-11-19 14:02:30,44701,-22.9166158,-43.5605838,0.0
2019-11-19 14:02:30,44800,-22.9166158,-43.5605838,0.0
2019-11-19 14:02:30,44900,-22.9166933,-43.5609127,32.099998474121094
2019-11-19 14:02:30,45000,-22.9166933,-43.5609127,32.099998474121094
2019-11-19 14:02:30,45101,-22.9166933,-43.5609127,32.099998474121094
2019-11-19 14:02:30,45200,-22.9166933,-43.5609127,32.099998474121094
2019-11-19 14:02:31,45300,-22.9166933,-43.5609127,32.099998474121094
2019-11-19 14:02:31,45400,-22.9166933,-43.5609127,32.099998474121094
2019-11-19 14:02:31,45500,-22.9166933,-43.5609127,32.099998474121094
2019-11-19 14:02:31,45601,-22.9166933,-43.5609127,32.099998474121094
2019-11-19 14:02:31,45700,-22.9166933,-43.5609127,32.099998474121094
2019-11-19 14:02:31,45801,-22.9166933,-43.5609127,32.099998474121094
2019-11-19 14:02:31,45900,-22.9166933,-43.5609127,32.099998474121094
2019-11-19 14:02:31,46001,-22.9166933,-43.5609127,32.099998474121094
2019-11-19 14:02:31,46100,-22.9166933,-43.5609127,32.099998474121094
2019-11-19 14:02:31,46200,-22.9166933,-43.5609127,32.099998474121094
2019-11-19 14:02:32,46301,-22.9166933,-43.5609127,32.099998474121094
2019-11-19 14:02:32,46400,-22.9166933,-43.5609127,32.099998474121094
2019-11-19 14:02:32,46500,-22.9166933,-43.5609127,32.099998474121094
2019-11-19 14:02:32,46600,-22.9166933,-43.5609127,32.099998474121094
2019-11-19 14:02:32,46701,-22.9166933,-43.5609127,32.099998474121094
2019-11-19 14:02:32,46800,-22.9166933,-43.5609127,32.099998474121094
2019-11-19 14:02:32,46900,-22.9166933,-43.5609127,32.099998474121094
2019-11-19 14:02:32,47001,-22.9166933,-43.5609127,32.099998474121094
2019-11-19 14:02:32,47100,-22.9166933,-43.5609127,32.099998474121094
2019-11-19 14:02:32,47200,-22.9166933,-43.5609127,32.099998474121094
2019-11-19 14:02:33,47301,-22.9166933,-43.5609127,32.099998474121094
2019-11-19 14:02:33,47400,-22.9166933,-43.5609127,32.099998474121094
2019-11-19 14:02:33,47500,-22.9166933,-43.5609127,32.099998474121094
2019-11-19 14:02:33,47601,-22.9166933,-43.5609127,32.099998474121094
2019-11-19 14:02:33,47700,-22.9166933,-43.5609127,32.099998474121094
2019-11-19 14:02:33,47800,-22.9166933,-43.5609127,32.099998474121094
2019-11-19 14:02:33,47901,-22.9166933,-43.5609127,32.099998474121094
2019-11-19 14:02:33,48000,-22.9166933,-43.5609127,32.099998474121094
2019-11-19 14:02:33,48101,-22.9166933,-43.5609127,32.099998474121094
2019-11-19 14:02:33,48200,-22.9166933,-43.5609127,32.099998474121094
2019-11-19 14:02:34,48300,-22.9166933,-43.5609127,32.099998474121094
2019-11-19 14:02:34,48400,-22.9166933,-43.5609127,32.099998474121094
2019-11-19 14:02:34,48500,-22.9166933,-43.5609127,32.099998474121094
2019-11-19 14:02:34,48600,-22.9166933,-43.5609127,32.099998474121094
2019-11-19 14:02:34,48701,-22.9166933,-43.5609127,32.099998474121094
2019-11-19 14:02:34,48800,-22.9166933,-43.5609127,32.099998474121094
2019-11-19 14:02:34,48900,-22.9166933,-43.5609127,32.099998474121094
2019-11-19 14:02:34,49000,-22.9166933,-43.5609127,32.099998474121094
2019-11-19 14:02:34,49101,-22.9166933,-43.5609127,32.099998474121094
2019-11-19 14:02:34,49200,-22.9166933,-43.5609127,32.099998474121094
2019-11-19 14:02:35,49300,-22.9166933,-43.5609127,32.099998474121094
2019-11-19 14:02:35,49400,-22.9166933,-43.5609127,32.099998474121094
2019-11-19 14:02:35,49501,-22.9166933,-43.5609127,32.099998474121094
2019-11-19 14:02:35,49600,-22.9166933,-43.5609127,32.099998474121094
2019-11-19 14:02:35,49700,-22.9166933,-43.5609127,32.099998474121094
2019-11-19 14:02:35,49800,-22.9166933,-43.5609127,32.099998474121094
2019-11-19 14:02:35,49901,-22.9166933,-43.5609127,32.099998474121094
2019-11-19 14:02:35,50000,-22.9166933,-43.5609127,32.099998474121094
2019-11-19 14:02:35,50100,-22.9166933,-43.5609127,32.099998474121094
2019-11-19 14:02:35,50200,-22.9166933,-43.5609127,32.099998474121094
2019-11-19 14:02:36,50300,-22.9166933,-43.5609127,32.099998474121094
2019-11-19 14:02:36,50401,-22.9166933,-43.5609127,32.099998474121094
2019-11-19 14:02:36,50500,-22.9166933,-43.5609127,32.099998474121094
2019-11-19 14:02:36,50600,-22.9166933,-43.5609127,32.099998474121094
2019-11-19 14:02:36,50700,-22.9166933,-43.5609127,32.099998474121094
2019-11-19 14:02:36,50800,-22.9166933,-43.5609127,32.099998474121094
2019-11-19 14:02:36,50901,-22.9166933,-43.5609127,32.099998474121094
2019-11-19 14:02:36,51000,-22.9166933,-43.5609127,32.099998474121094
2019-11-19 14:02:36,51100,-22.9166933,-43.5609127,32.099998474121094
2019-11-19 14:02:36,51200,-22.9166933,-43.5609127,32.099998474121094
2019-11-19 14:02:37,51301,-22.9166933,-43.5609127,32.099998474121094
2019-11-19 14:02:37,51400,-22.9166933,-43.5609127,32.099998474121094
2019-11-19 14:02:37,51500,-22.9166933,-43.5609127,32.099998474121094
2019-11-19 14:02:37,51601,-22.9166933,-43.5609127,32.099998474121094
2019-11-19 14:02:37,51700,-22.9166933,-43.5609127,32.099998474121094
2019-11-19 14:02:37,51800,-22.9166933,-43.5609127,32.099998474121094
2019-11-19 14:02:37,51901,-22.9166933,-43.5609127,32.099998474121094
2019-11-19 14:02:37,52000,-22.9166933,-43.5609127,32.099998474121094
2019-11-19 14:02:37,52101,-22.916667,-43.5613533,32.099998474121094
2019-11-19 14:02:37,52200,-22.916667,-43.5613533,32.099998474121094
2019-11-19 14:02:38,52300,-22.916667,-43.5613533,32.099998474121094
2019-11-19 14:02:38,52400,-22.916667,-43.5613533,32.099998474121094
2019-11-19 14:02:38,52500,-22.916667,-43.5613533,32.099998474121094
2019-11-19 14:02:38,52601,-22.916667,-43.5613533,32.099998474121094
2019-11-19 14:02:38,52700,-22.916667,-43.5613533,32.099998474121094
2019-11-19 14:02:38,52800,-22.916667,-43.5613533,32.099998474121094
2019-11-19 14:02:38,52901,-22.916667,-43.5613533,32.099998474121094
2019-11-19 14:02:38,53000,-22.916667,-43.5613533,32.099998474121094
2019-11-19 14:02:38,53101,-22.916667,-43.5613533,32.099998474121094
2019-11-19 14:02:38,53200,-22.916667,-43.5613533,32.099998474121094
2019-11-19 14:02:39,53300,-22.916667,-43.5613533,32.099998474121094
2019-11-19 14:02:39,53401,-22.916667,-43.5613533,32.099998474121094
2019-11-19 14:02:39,53500,-22.916667,-43.5613533,32.099998474121094
2019-11-19 14:02:39,53600,-22.916667,-43.5613533,32.099998474121094
2019-11-19 14:02:39,53700,-22.916667,-43.5613533,32.099998474121094
2019-11-19 14:02:39,53801,-22.916667,-43.5613533,32.099998474121094
2019-11-19 14:02:39,53900,-22.916667,-43.5613533,32.099998474121094
2019-11-19 14:02:39,54000,-22.916667,-43.5613533,32.099998474121094
2019-11-19 14:02:39,54100,-22.916667,-43.5613533,32.099998474121094
2019-11-19 14:02:39,54201,-22.916667,-43.5613533,32.099998474121094
2019-11-19 14:02:40,54300,-22.916667,-43.5613533,32.099998474121094
2019-11-19 14:02:40,54400,-22.916667,-43.5613533,32.099998474121094
2019-11-19 14:02:40,54500,-22.916667,-43.5613533,32.099998474121094
2019-11-19 14:02:40,54601,-22.916667,-43.5613533,32.099998474121094
2019-11-19 14:02:40,54700,-22.916667,-43.5613533,32.099998474121094
2019-11-19 14:02:40,54800,-22.916667,-43.5613533,32.099998474121094
2019-11-19 14:02:40,54901,-22.916667,-43.5613533,32.099998474121094
2019-11-19 14:02:40,55000,-22.916667,-43.5613533,32.099998474121094
2019-11-19 14:02:40,55101,-22.916667,-43.5613533,32.099998474121094
2019-11-19 14:02:40,55200,-22.916667,-43.5613533,32.099998474121094
2019-11-19 14:02:41,55300,-22.916667,-43.5613533,32.099998474121094
2019-11-19 14:02:41,55401,-22.916667,-43.5613533,32.099998474121094
2019-11-19 14:02:41,55500,-22.916667,-43.5613533,32.099998474121094
2019-11-19 14:02:41,55601,-22.916667,-43.5613533,32.099998474121094
2019-11-19 14:02:41,55700,-22.916667,-43.5613533,32.099998474121094
2019-11-19 14:02:41,55800,-22.916667,-43.5613533,32.099998474121094
2019-11-19 14:02:41,55901,-22.916667,-43.5613533,32.099998474121094
2019-11-19 14:02:41,56000,-22.916667,-43.5613533,32.099998474121094
2019-11-19 14:02:41,56101,-22.916667,-43.5613533,32.099998474121094
2019-11-19 14:02:41,56201,-22.916667,-43.5613533,32.099998474121094
2019-11-19 14:02:42,56300,-22.916667,-43.5613533,32.099998474121094
2019-11-19 14:02:42,56400,-22.916667,-43.5613533,32.099998474121094
2019-11-19 14:02:42,56501,-22.916667,-43.5613533,32.099998474121094
2019-11-19 14:02:42,56600,-22.916667,-43.5613533,32.099998474121094
2019-11-19 14:02:42,56701,-22.916667,-43.5613533,32.099998474121094
2019-11-19 14:02:42,56800,-22.916667,-43.5613533,32.099998474121094
2019-11-19 14:02:42,56900,-22.916667,-43.5613533,32.099998474121094
2019-11-19 14:02:42,57001,-22.916667,-43.5613533,32.099998474121094
2019-11-19 14:02:42,57101,-22.916667,-43.5613533,32.099998474121094
2019-11-19 14:02:42,57201,-22.916667,-43.5613533,32.099998474121094
2019-11-19 14:02:43,57300,-22.916667,-43.5613533,32.099998474121094
2019-11-19 14:02:43,57400,-22.916667,-43.5613533,32.099998474121094
2019-11-19 14:02:43,57500,-22.9166364,-43.5616042,36.599998474121094
2019-11-19 14:02:43,57600,-22.9166364,-43.5616042,36.599998474121094
2019-11-19 14:02:43,57701,-22.9166364,-43.5616042,36.599998474121094
2019-11-19 14:02:43,57801,-22.9166364,-43.5616042,36.599998474121094
2019-11-19 14:02:43,57900,-22.9166364,-43.5616042,36.599998474121094
2019-11-19 14:02:43,58000,-22.9166364,-43.5616042,36.599998474121094
2019-11-19 14:02:43,58101,-22.9166364,-43.5616042,36.599998474121094
2019-11-19 14:02:43,58200,-22.9166364,-43.5616042,36.599998474121094
2019-11-19 14:02:44,58301,-22.9166364,-43.5616042,36.599998474121094
2019-11-19 14:02:44,58400,-22.9166364,-43.5616042,36.599998474121094
2019-11-19 14:02:44,58501,-22.9166364,-43.5616042,36.599998474121094
2019-11-19 14:02:44,58601,-22.9166364,-43.5616042,36.599998474121094
2019-11-19 14:02:44,58701,-22.9166364,-43.5616042,36.599998474121094
2019-11-19 14:02:44,58800,-22.9166364,-43.5616042,36.599998474121094
2019-11-19 14:02:44,58901,-22.9166364,-43.5616042,36.599998474121094
2019-11-19 14:02:44,59001,-22.9166364,-43.5616042,36.599998474121094
2019-11-19 14:02:44,59100,-22.9166364,-43.5616042,36.599998474121094
2019-11-19 14:02:44,59201,-22.9166364,-43.5616042,36.599998474121094
2019-11-19 14:02:45,59300,-22.9166364,-43.5616042,36.599998474121094
2019-11-19 14:02:45,59401,-22.9166364,-43.5616042,36.599998474121094
2019-11-19 14:02:45,59500,-22.9166364,-43.5616042,36.599998474121094
2019-11-19 14:02:45,59600,-22.9166364,-43.5616042,36.599998474121094
2019-11-19 14:02:45,59701,-22.9166364,-43.5616042,36.599998474121094
2019-11-19 14:02:45,59800,-22.9166364,-43.5616042,36.599998474121094
2019-11-19 14:02:45,59900,-22.9166364,-43.5616042,36.599998474121094
2019-11-19 14:02:45,60000,-22.9166364,-43.5616042,36.599998474121094
2019-11-19 14:02:45,60100,-22.9166364,-43.5616042,36.599998474121094
2019-11-19 14:02:45,60201,-22.9166364,-43.5616042,36.599998474121094
2019-11-19 14:02:46,60300,-22.9166364,-43.5616042,36.599998474121094
2019-11-19 14:02:46,60401,-22.9166364,-43.5616042,36.599998474121094
2019-11-19 14:02:46,60500,-22.9166364,-43.5616042,36.599998474121094
2019-11-19 14:02:46,60601,-22.9166364,-43.5616042,36.599998474121094
2019-11-19 14:02:46,60700,-22.9166364,-43.5616042,36.599998474121094
2019-11-19 14:02:46,60801,-22.9166364,-43.5616042,36.599998474121094
2019-11-19 14:02:46,60900,-22.9166364,-43.5616042,36.599998474121094
2019-11-19 14:02:46,61000,-22.9166364,-43.5616042,36.599998474121094
2019-11-19 14:02:46,61101,-22.9166364,-43.5616042,36.599998474121094
2019-11-19 14:02:46,61200,-22.9166364,-43.5616042,36.599998474121094
2019-11-19 14:02:47,61300,-22.9166364,-43.5616042,36.599998474121094
2019-11-19 14:02:47,61401,-22.9166364,-43.5616042,36.599998474121094
2019-11-19 14:02:47,61500,-22.9166364,-43.5616042,36.599998474121094
2019-11-19 14:02:47,61600,-22.9166364,-43.5616042,36.599998474121094
2019-11-19 14:02:47,61700,-22.9166364,-43.5616042,36.599998474121094
2019-11-19 14:02:47,61801,-22.9166364,-43.5616042,36.599998474121094
2019-11-19 14:02:47,61900,-22.9166364,-43.5616042,36.599998474121094
2019-11-19 14:02:47,62000,-22.9166364,-43.5616042,36.599998474121094
2019-11-19 14:02:47,62101,-22.9166364,-43.5616042,36.599998474121094
2019-11-19 14:02:47,62200,-22.9166364,-43.5616042,36.599998474121094
2019-11-19 14:02:48,62301,-22.9166364,-43.5616042,36.599998474121094
2019-11-19 14:02:48,62400,-22.9166364,-43.5616042,36.599998474121094
2019-11-19 14:02:48,62502,-22.9166364,-43.5616042,36.599998474121094
2019-11-19 14:02:48,62600,-22.9166364,-43.5616042,36.599998474121094
2019-11-19 14:02:48,62700,-22.9166364,-43.5616042,36.599998474121094
2019-11-19 14:02:48,62800,-22.9166364,-43.5616042,36.599998474121094
2019-11-19 14:02:48,62901,-22.9166364,-43.5616042,36.599998474121094
2019-11-19 14:02:48,63000,-22.9166364,-43.5616042,36.599998474121094
2019-11-19 14:02:48,63100,-22.9164697,-43.5616235,36.599998474121094
2019-11-19 14:02:48,63201,-22.9164697,-43.5616235,36.599998474121094
2019-11-19 14:02:49,63300,-22.9164697,-43.5616235,36.599998474121094
2019-11-19 14:02:49,63400,-22.9164697,-43.5616235,36.599998474121094
2019-11-19 14:02:49,63501,-22.9164697,-43.5616235,36.599998474121094
2019-11-19 14:02:49,63600,-22.9164697,-43.5616235,36.599998474121094
2019-11-19 14:02:49,63701,-22.9164697,-43.5616235,36.599998474121094
2019-11-19 14:02:49,63800,-22.9164697,-43.5616235,36.599998474121094
2019-11-19 14:02:49,63900,-22.9164697,-43.5616235,36.599998474121094
2019-11-19 14:02:49,64001,-22.9164697,-43.5616235,36.599998474121094
2019-11-19 14:02:49,64100,-22.9164697,-43.5616235,36.599998474121094
2019-11-19 14:02:49,64201,-22.9164697,-43.5616235,36.599998474121094
2019-11-19 14:02:50,64300,-22.9164697,-43.5616235,36.599998474121094
2019-11-19 14:02:50,64400,-22.9164697,-43.5616235,36.599998474121094
2019-11-19 14:02:50,64500,-22.9164697,-43.5616235,36.599998474121094
2019-11-19 14:02:50,64600,-22.9164697,-43.5616235,36.599998474121094
2019-11-19 14:02:50,64701,-22.9164697,-43.5616235,36.599998474121094
2019-11-19 14:02:50,64800,-22.9164697,-43.5616235,36.599998474121094
2019-11-19 14:02:50,64901,-22.9164697,-43.5616235,36.599998474121094
2019-11-19 14:02:50,65000,-22.9164697,-43.5616235,36.599998474121094
2019-11-19 14:02:50,65101,-22.9164697,-43.5616235,36.599998474121094
2019-11-19 14:02:50,65200,-22.9164697,-43.5616235,36.599998474121094
2019-11-19 14:02:51,65301,-22.9164697,-43.5616235,36.599998474121094
2019-11-19 14:02:51,65400,-22.9164697,-43.5616235,36.599998474121094
2019-11-19 14:02:51,65500,-22.9164697,-43.5616235,36.599998474121094
2019-11-19 14:02:51,65601,-22.9164697,-43.5616235,36.599998474121094
2019-11-19 14:02:51,65700,-22.9164697,-43.5616235,36.599998474121094
2019-11-19 14:02:51,65800,-22.9164697,-43.5616235,36.599998474121094
2019-11-19 14:02:51,65900,-22.9164697,-43.5616235,36.599998474121094
2019-11-19 14:02:51,66000,-22.9164697,-43.5616235,36.599998474121094
2019-11-19 14:02:51,66101,-22.9164697,-43.5616235,36.599998474121094
2019-11-19 14:02:51,66200,-22.9164697,-43.5616235,36.599998474121094
2019-11-19 14:02:52,66300,-22.9164697,-43.5616235,36.599998474121094
2019-11-19 14:02:52,66400,-22.9164697,-43.5616235,36.599998474121094
2019-11-19 14:02:52,66501,-22.9164697,-43.5616235,36.599998474121094
2019-11-19 14:02:52,66600,-22.9164697,-43.5616235,36.599998474121094
2019-11-19 14:02:52,66700,-22.9164697,-43.5616235,36.599998474121094
2019-11-19 14:02:52,66800,-22.9164697,-43.5616235,36.599998474121094
2019-11-19 14:02:52,66901,-22.9164697,-43.5616235,36.599998474121094
2019-11-19 14:02:52,67000,-22.9164697,-43.5616235,36.599998474121094
2019-11-19 14:02:52,67100,-22.9164697,-43.5616235,36.599998474121094
2019-11-19 14:02:52,67201,-22.9164697,-43.5616235,36.599998474121094
2019-11-19 14:02:53,67300,-22.9164697,-43.5616235,36.599998474121094
2019-11-19 14:02:53,67400,-22.9164697,-43.5616235,36.599998474121094
2019-11-19 14:02:53,67500,-22.9164697,-43.5616235,36.599998474121094
2019-11-19 14:02:53,67601,-22.9164697,-43.5616235,36.599998474121094
2019-11-19 14:02:53,67700,-22.9164697,-43.5616235,36.599998474121094
2019-11-19 14:02:53,67800,-22.9164697,-43.5616235,36.599998474121094
2019-11-19 14:02:53,67900,-22.9164697,-43.5616235,36.599998474121094
2019-11-19 14:02:53,68001,-22.9164697,-43.5616235,36.599998474121094
2019-11-19 14:02:53,68100,-22.9164697,-43.5616235,36.599998474121094
2019-11-19 14:02:53,68200,-22.9164697,-43.5616235,36.599998474121094
2019-11-19 14:02:54,68300,-22.9164697,-43.5616235,36.599998474121094
2019-11-19 14:02:54,68401,-22.9164697,-43.5616235,36.599998474121094
2019-11-19 14:02:54,68500,-22.9164697,-43.5616235,36.599998474121094
2019-11-19 14:02:54,68600,-22.9164697,-43.5616235,36.599998474121094
2019-11-19 14:02:54,68701,-22.9159249,-43.5618096,36.599998474121094
2019-11-19 14:02:54,68800,-22.9159249,-43.5618096,36.599998474121094
2019-11-19 14:02:54,68900,-22.9159249,-43.5618096,36.599998474121094
2019-11-19 14:02:54,69000,-22.9159249,-43.5618096,36.599998474121094
2019-11-19 14:02:54,69100,-22.9159249,-43.5618096,36.599998474121094
2019-11-19 14:02:54,69200,-22.9159249,-43.5618096,36.599998474121094
2019-11-19 14:02:55,69301,-22.9159249,-43.5618096,36.599998474121094
2019-11-19 14:02:55,69400,-22.9159249,-43.5618096,36.599998474121094
2019-11-19 14:02:55,69500,-22.9159249,-43.5618096,36.599998474121094
2019-11-19 14:02:55,69600,-22.9159249,-43.5618096,36.599998474121094
2019-11-19 14:02:55,69701,-22.9159249,-43.5618096,36.599998474121094
2019-11-19 14:02:55,69800,-22.9159249,-43.5618096,36.599998474121094
2019-11-19 14:02:55,69900,-22.9159249,-43.5618096,36.599998474121094
2019-11-19 14:02:55,70001,-22.9159249,-43.5618096,36.599998474121094
2019-11-19 14:02:55,70100,-22.9159249,-43.5618096,36.599998474121094
2019-11-19 14:02:55,70200,-22.9159249,-43.5618096,36.599998474121094
2019-11-19 14:02:56,70300,-22.9159249,-43.5618096,36.599998474121094
2019-11-19 14:02:56,70400,-22.9159249,-43.5618096,36.599998474121094
2019-11-19 14:02:56,70500,-22.9159249,-43.5618096,36.599998474121094
2019-11-19 14:02:56,70600,-22.9159249,-43.5618096,36.599998474121094
2019-11-19 14:02:56,70700,-22.9159249,-43.5618096,36.599998474121094
2019-11-19 14:02:56,70801,-22.9159249,-43.5618096,36.599998474121094
2019-11-19 14:02:56,70900,-22.9159249,-43.5618096,36.599998474121094
2019-11-19 14:02:56,71000,-22.9159249,-43.5618096,36.599998474121094
2019-11-19 14:02:56,71101,-22.9159249,-43.5618096,36.599998474121094
2019-11-19 14:02:56,71201,-22.9159249,-43.5618096,36.599998474121094
2019-11-19 14:02:57,71300,-22.9159249,-43.5618096,36.599998474121094
2019-11-19 14:02:57,71401,-22.9159249,-43.5618096,36.599998474121094
2019-11-19 14:02:57,71500,-22.9159249,-43.5618096,36.599998474121094
2019-11-19 14:02:57,71601,-22.9159249,-43.5618096,36.599998474121094
2019-11-19 14:02:57,71700,-22.9159249,-43.5618096,36.599998474121094
2019-11-19 14:02:57,71801,-22.9159249,-43.5618096,36.599998474121094
2019-11-19 14:02:57,71900,-22.9159249,-43.5618096,36.599998474121094
2019-11-19 14:02:57,72000,-22.9159249,-43.5618096,36.599998474121094
2019-11-19 14:02:57,72100,-22.9159249,-43.5618096,36.599998474121094
2019-11-19 14:02:57,72201,-22.9159249,-43.5618096,36.599998474121094
2019-11-19 14:02:58,72300,-22.9159249,-43.5618096,36.599998474121094
2019-11-19 14:02:58,72400,-22.9159249,-43.5618096,36.599998474121094
2019-11-19 14:02:58,72501,-22.9159249,-43.5618096,36.599998474121094
2019-11-19 14:02:58,72600,-22.9159249,-43.5618096,36.599998474121094
2019-11-19 14:02:58,72700,-22.9159249,-43.5618096,36.599998474121094
2019-11-19 14:02:58,72800,-22.9159249,-43.5618096,36.599998474121094
2019-11-19 14:02:58,72901,-22.9159249,-43.5618096,36.599998474121094
2019-11-19 14:02:58,73000,-22.9159249,-43.5618096,36.599998474121094
2019-11-19 14:02:58,73100,-22.9159249,-43.5618096,36.599998474121094
2019-11-19 14:02:58,73201,-22.9159249,-43.5618096,36.599998474121094
2019-11-19 14:02:59,73300,-22.9159249,-43.5618096,36.599998474121094
2019-11-19 14:02:59,73400,-22.9159249,-43.5618096,36.599998474121094
2019-11-19 14:02:59,73501,-22.9159249,-43.5618096,36.599998474121094
2019-11-19 14:02:59,73600,-22.9159249,-43.5618096,36.599998474121094
2019-11-19 14:02:59,73700,-22.9159249,-43.5618096,36.599998474121094
2019-11-19 14:02:59,73801,-22.9159249,-43.5618096,36.599998474121094
2019-11-19 14:02:59,73900,-22.9159249,-43.5618096,36.599998474121094
2019-11-19 14:02:59,74000,-22.9159249,-43.5618096,36.599998474121094
2019-11-19 14:02:59,74100,-22.9159249,-43.5618096,36.599998474121094
2019-11-19 14:02:59,74201,-22.9159249,-43.5618096,36.599998474121094
2019-11-19 14:03:00,74300,-22.9159249,-43.5618096,36.599998474121094
2019-11-19 14:03:00,74400,-22.9159249,-43.5618096,36.599998474121094
2019-11-19 14:03:00,74501,-22.9159249,-43.5618096,36.599998474121094
2019-11-19 14:03:00,74600,-22.9159249,-43.5618096,36.599998474121094
2019-11-19 14:03:00,74700,-22.9159249,-43.5618096,36.599998474121094
2019-11-19 14:03:00,74800,-22.9159249,-43.5618096,36.599998474121094
2019-11-19 14:03:00,74901,-22.9159249,-43.5618096,36.599998474121094
2019-11-19 14:03:00,75000,-22.9159249,-43.5618096,36.599998474121094
2019-11-19 14:03:00,75101,-22.9159249,-43.5618096,36.599998474121094
2019-11-19 14:03:00,75200,-22.9159249,-43.5618096,36.599998474121094
2019-11-19 14:03:01,75301,-22.9159249,-43.5618096,36.599998474121094
2019-11-19 14:03:01,75400,-22.9159249,-43.5618096,36.599998474121094
2019-11-19 14:03:01,75500,-22.9159249,-43.5618096,36.599998474121094
2019-11-19 14:03:01,75601,-22.9159249,-43.5618096,36.599998474121094
2019-11-19 14:03:01,75700,-22.9159249,-43.5618096,36.599998474121094
2019-11-19 14:03:01,75800,-22.9159249,-43.5618096,36.599998474121094
2019-11-19 14:03:01,75901,-22.9159249,-43.5618096,36.599998474121094
2019-11-19 14:03:01,76000,-22.9159249,-43.5618096,36.599998474121094
2019-11-19 14:03:01,76101,-22.9153298,-43.561879,36.599998474121094
2019-11-19 14:03:01,76200,-22.9153298,-43.561879,36.599998474121094
2019-11-19 14:03:02,76300,-22.9153298,-43.561879,36.599998474121094
2019-11-19 14:03:02,76401,-22.9153298,-43.561879,36.599998474121094
2019-11-19 14:03:02,76500,-22.9153298,-43.561879,36.599998474121094
2019-11-19 14:03:02,76600,-22.9153298,-43.561879,36.599998474121094
2019-11-19 14:03:02,76701,-22.9153298,-43.561879,36.599998474121094
2019-11-19 14:03:02,76800,-22.9153298,-43.561879,36.599998474121094
2019-11-19 14:03:02,76901,-22.9153298,-43.561879,36.599998474121094
2019-11-19 14:03:02,77000,-22.9153298,-43.561879,36.599998474121094
2019-11-19 14:03:02,77100,-22.9153298,-43.561879,36.599998474121094
2019-11-19 14:03:02,77201,-22.9153298,-43.561879,36.599998474121094
2019-11-19 14:03:03,77300,-22.9153298,-43.561879,36.599998474121094
2019-11-19 14:03:03,77401,-22.9153298,-43.561879,36.599998474121094
2019-11-19 14:03:03,77500,-22.9153298,-43.561879,36.599998474121094
2019-11-19 14:03:03,77601,-22.9153298,-43.561879,36.599998474121094
2019-11-19 14:03:03,77700,-22.9153298,-43.561879,36.599998474121094
2019-11-19 14:03:03,77801,-22.9153298,-43.561879,36.599998474121094
2019-11-19 14:03:03,77900,-22.9153298,-43.561879,36.599998474121094
2019-11-19 14:03:03,78000,-22.9153298,-43.561879,36.599998474121094
2019-11-19 14:03:03,78101,-22.9153298,-43.561879,36.599998474121094
2019-11-19 14:03:03,78200,-22.9153298,-43.561879,36.599998474121094
2019-11-19 14:03:04,78300,-22.9153298,-43.561879,36.599998474121094
2019-11-19 14:03:04,78401,-22.9153298,-43.561879,36.599998474121094
2019-11-19 14:03:04,78500,-22.9153298,-43.561879,36.599998474121094
2019-11-19 14:03:04,78600,-22.9153298,-43.561879,36.599998474121094
2019-11-19 14:03:04,78701,-22.9153298,-43.561879,36.599998474121094
2019-11-19 14:03:04,78800,-22.9153298,-43.561879,36.599998474121094
2019-11-19 14:03:04,78900,-22.9153298,-43.561879,36.599998474121094
2019-11-19 14:03:04,79001,-22.9153298,-43.561879,36.599998474121094
2019-11-19 14:03:04,79101,-22.9153298,-43.561879,36.599998474121094
2019-11-19 14:03:04,79200,-22.9153298,-43.561879,36.599998474121094
2019-11-19 14:03:05,79300,-22.9153298,-43.561879,36.599998474121094
2019-11-19 14:03:05,79400,-22.9153298,-43.561879,36.599998474121094
2019-11-19 14:03:05,79502,-22.9153298,-43.561879,36.599998474121094
2019-11-19 14:03:05,79601,-22.9153298,-43.561879,36.599998474121094
2019-11-19 14:03:05,79700,-22.9153298,-43.561879,36.599998474121094
2019-11-19 14:03:05,79800,-22.9153298,-43.561879,36.599998474121094
2019-11-19 14:03:05,79901,-22.9153298,-43.561879,36.599998474121094
2019-11-19 14:03:05,80000,-22.9153298,-43.561879,36.599998474121094
2019-11-19 14:03:05,80102,-22.9153298,-43.561879,36.599998474121094
2019-11-19 14:03:05,80200,-22.9153298,-43.561879,36.599998474121094
2019-11-19 14:03:06,80301,-22.9153298,-43.561879,36.599998474121094
2019-11-19 14:03:06,80400,-22.9153298,-43.561879,36.599998474121094
2019-11-19 14:03:06,80500,-22.9153298,-43.561879,36.599998474121094
2019-11-19 14:03:06,80601,-22.9153298,-43.561879,36.599998474121094
2019-11-19 14:03:06,80701,-22.9153298,-43.561879,36.599998474121094
2019-11-19 14:03:06,80800,-22.9153298,-43.561879,36.599998474121094
2019-11-19 14:03:06,80901,-22.9153298,-43.561879,36.599998474121094
2019-11-19 14:03:06,81000,-22.9153298,-43.561879,36.599998474121094
2019-11-19 14:03:06,81101,-22.9153298,-43.561879,36.599998474121094
2019-11-19 14:03:06,81200,-22.9153298,-43.561879,36.599998474121094
2019-11-19 14:03:07,81300,-22.9153298,-43.561879,36.599998474121094
2019-11-19 14:03:07,81401,-22.9153298,-43.561879,36.599998474121094
2019-11-19 14:03:07,81500,-22.9153298,-43.561879,36.599998474121094
2019-11-19 14:03:07,81601,-22.9153298,-43.561879,36.599998474121094
2019-11-19 14:03:07,81702,-22.9153298,-43.561879,36.599998474121094
2019-11-19 14:03:07,81801,-22.9145593,-43.5618656,36.599998474121094
2019-11-19 14:03:07,81900,-22.9145593,-43.5618656,36.599998474121094
2019-11-19 14:03:07,82000,-22.9145593,-43.5618656,36.599998474121094
2019-11-19 14:03:07,82101,-22.9145593,-43.5618656,36.599998474121094
2019-11-19 14:03:07,82200,-22.9145593,-43.5618656,36.599998474121094
2019-11-19 14:03:08,82300,-22.9145593,-43.5618656,36.599998474121094
2019-11-19 14:03:08,82400,-22.9145593,-43.5618656,36.599998474121094
2019-11-19 14:03:08,82501,-22.9145593,-43.5618656,36.599998474121094
2019-11-19 14:03:08,82600,-22.9145593,-43.5618656,36.599998474121094
2019-11-19 14:03:08,82700,-22.9145593,-43.5618656,36.599998474121094
2019-11-19 14:03:08,82800,-22.9145593,-43.5618656,36.599998474121094
2019-11-19 14:03:08,82901,-22.9145593,-43.5618656,36.599998474121094
2019-11-19 14:03:08,83000,-22.9145593,-43.5618656,36.599998474121094
2019-11-19 14:03:08,83101,-22.9145593,-43.5618656,36.599998474121094
2019-11-19 14:03:08,83200,-22.9145593,-43.5618656,36.599998474121094
2019-11-19 14:03:09,83300,-22.9145593,-43.5618656,36.599998474121094
2019-11-19 14:03:09,83400,-22.9145593,-43.5618656,36.599998474121094
2019-11-19 14:03:09,83501,-22.9145593,-43.5618656,36.599998474121094
2019-11-19 14:03:09,83600,-22.9145593,-43.5618656,36.599998474121094
2019-11-19 14:03:09,83700,-22.9145593,-43.5618656,36.599998474121094
2019-11-19 14:03:09,83800,-22.9145593,-43.5618656,36.599998474121094
2019-11-19 14:03:09,83901,-22.9145593,-43.5618656,36.599998474121094
2019-11-19 14:03:09,84000,-22.9145593,-43.5618656,36.599998474121094
2019-11-19 14:03:09,84100,-22.9145593,-43.5618656,36.599998474121094
2019-11-19 14:03:09,84201,-22.9145593,-43.5618656,36.599998474121094
2019-11-19 14:03:10,84300,-22.9145593,-43.5618656,36.599998474121094
2019-11-19 14:03:10,84400,-22.9145593,-43.5618656,36.599998474121094
2019-11-19 14:03:10,84500,-22.9145593,-43.5618656,36.599998474121094
2019-11-19 14:03:10,84600,-22.9145593,-43.5618656,36.599998474121094
2019-11-19 14:03:10,84700,-22.9145593,-43.5618656,36.599998474121094
2019-11-19 14:03:10,84800,-22.9145593,-43.5618656,36.599998474121094
2019-11-19 14:03:10,84901,-22.9145593,-43.5618656,36.599998474121094
2019-11-19 14:03:10,85000,-22.9145593,-43.5618656,36.599998474121094
2019-11-19 14:03:10,85100,-22.9145593,-43.5618656,36.599998474121094
2019-11-19 14:03:10,85200,-22.9145593,-43.5618656,36.599998474121094
2019-11-19 14:03:11,85301,-22.9145593,-43.5618656,36.599998474121094
2019-11-19 14:03:11,85401,-22.9145593,-43.5618656,36.599998474121094
2019-11-19 14:03:11,85500,-22.9145593,-43.5618656,36.599998474121094
2019-11-19 14:03:11,85600,-22.9145593,-43.5618656,36.599998474121094
2019-11-19 14:03:11,85701,-22.9145593,-43.5618656,36.599998474121094
2019-11-19 14:03:11,85800,-22.9145593,-43.5618656,36.599998474121094
2019-11-19 14:03:11,85900,-22.9145593,-43.5618656,36.599998474121094
2019-11-19 14:03:11,86001,-22.9145593,-43.5618656,36.599998474121094
2019-11-19 14:03:11,86100,-22.9145593,-43.5618656,36.599998474121094
2019-11-19 14:03:11,86201,-22.9145593,-43.5618656,36.599998474121094
2019-11-19 14:03:12,86300,-22.9145593,-43.5618656,36.599998474121094
2019-11-19 14:03:12,86400,-22.9145593,-43.5618656,36.599998474121094
2019-11-19 14:03:12,86501,-22.9145593,-43.5618656,36.599998474121094
2019-11-19 14:03:12,86600,-22.9145593,-43.5618656,36.599998474121094
2019-11-19 14:03:12,86701,-22.9145593,-43.5618656,36.599998474121094
2019-11-19 14:03:12,86800,-22.9145593,-43.5618656,36.599998474121094
2019-11-19 14:03:12,86901,-22.9145593,-43.5618656,36.599998474121094
2019-11-19 14:03:12,87000,-22.9145593,-43.5618656,36.599998474121094
2019-11-19 14:03:12,87100,-22.9145593,-43.5618656,36.599998474121094
2019-11-19 14:03:12,87202,-22.9145593,-43.5618656,36.599998474121094
2019-11-19 14:03:13,87300,-22.9145593,-43.5618656,36.599998474121094
2019-11-19 14:03:13,87401,-22.9145593,-43.5618656,36.599998474121094
2019-11-19 14:03:13,87500,-22.9145593,-43.5618656,36.599998474121094
2019-11-19 14:03:13,87600,-22.9145593,-43.5618656,36.599998474121094
2019-11-19 14:03:13,87701,-22.9145593,-43.5618656,36.599998474121094
2019-11-19 14:03:13,87800,-22.9143562,-43.5618957,36.599998474121094
2019-11-19 14:03:13,87900,-22.9143562,-43.5618957,36.599998474121094
2019-11-19 14:03:13,88000,-22.9143562,-43.5618957,36.599998474121094
2019-11-19 14:03:13,88101,-22.9143562,-43.5618957,36.599998474121094
2019-11-19 14:03:13,88200,-22.9143562,-43.5618957,36.599998474121094
2019-11-19 14:03:14,88300,-22.9143562,-43.5618957,36.599998474121094
2019-11-19 14:03:14,88401,-22.9143562,-43.5618957,36.599998474121094
2019-11-19 14:03:14,88500,-22.9143562,-43.5618957,36.599998474121094
2019-11-19 14:03:14,88600,-22.9143562,-43.5618957,36.599998474121094
2019-11-19 14:03:14,88701,-22.9143562,-43.5618957,36.599998474121094
2019-11-19 14:03:14,88800,-22.9143562,-43.5618957,36.599998474121094
2019-11-19 14:03:14,88900,-22.9143562,-43.5618957,36.599998474121094
2019-11-19 14:03:14,89001,-22.9143562,-43.5618957,36.599998474121094
2019-11-19 14:03:14,89100,-22.9143562,-43.5618957,36.599998474121094
2019-11-19 14:03:14,89200,-22.9143562,-43.5618957,36.599998474121094
2019-11-19 14:03:15,89300,-22.9143562,-43.5618957,36.599998474121094
2019-11-19 14:03:15,89401,-22.9143562,-43.5618957,36.599998474121094
2019-11-19 14:03:15,89500,-22.9143562,-43.5618957,36.599998474121094
2019-11-19 14:03:15,89600,-22.9143562,-43.5618957,36.599998474121094
2019-11-19 14:03:15,89701,-22.9143562,-43.5618957,36.599998474121094
2019-11-19 14:03:15,89800,-22.9143562,-43.5618957,36.599998474121094
2019-11-19 14:03:15,89900,-22.9143562,-43.5618957,36.599998474121094
2019-11-19 14:03:15,90000,-22.9143562,-43.5618957,36.599998474121094
2019-11-19 14:03:15,90101,-22.9143562,-43.5618957,36.599998474121094
2019-11-19 14:03:15,90200,-22.9143562,-43.5618957,36.599998474121094
2019-11-19 14:03:16,90300,-22.9143562,-43.5618957,36.599998474121094
2019-11-19 14:03:16,90400,-22.9143562,-43.5618957,36.599998474121094
2019-11-19 14:03:16,90501,-22.9143562,-43.5618957,36.599998474121094
2019-11-19 14:03:16,90600,-22.9143562,-43.5618957,36.599998474121094
2019-11-19 14:03:16,90700,-22.9143562,-43.5618957,36.599998474121094
2019-11-19 14:03:16,90800,-22.9143562,-43.5618957,36.599998474121094
2019-11-19 14:03:16,90901,-22.9143562,-43.5618957,36.599998474121094
2019-11-19 14:03:16,91000,-22.9143562,-43.5618957,36.599998474121094
2019-11-19 14:03:16,91100,-22.9143562,-43.5618957,36.599998474121094
2019-11-19 14:03:16,91201,-22.9143562,-43.5618957,36.599998474121094
2019-11-19 14:03:17,91300,-22.9143562,-43.5618957,36.599998474121094
2019-11-19 14:03:17,91401,-22.9143562,-43.5618957,36.599998474121094
2019-11-19 14:03:17,91500,-22.9143562,-43.5618957,36.599998474121094
2019-11-19 14:03:17,91600,-22.9143562,-43.5618957,36.599998474121094
2019-11-19 14:03:17,91701,-22.9143562,-43.5618957,36.599998474121094
2019-11-19 14:03:17,91800,-22.9143562,-43.5618957,36.599998474121094
2019-11-19 14:03:17,91900,-22.9143562,-43.5618957,36.599998474121094
2019-11-19 14:03:17,92001,-22.9143562,-43.5618957,36.599998474121094
2019-11-19 14:03:17,92100,-22.9143562,-43.5618957,36.599998474121094
2019-11-19 14:03:17,92201,-22.9143562,-43.5618957,36.599998474121094
2019-11-19 14:03:18,92300,-22.9143562,-43.5618957,36.599998474121094
2019-11-19 14:03:18,92400,-22.9143562,-43.5618957,36.599998474121094
2019-11-19 14:03:18,92501,-22.9143562,-43.5618957,36.599998474121094
2019-11-19 14:03:18,92600,-22.9143562,-43.5618957,36.599998474121094
2019-11-19 14:03:18,92700,-22.9143562,-43.5618957,36.599998474121094
2019-11-19 14:03:18,92800,-22.9143562,-43.5618957,36.599998474121094
2019-11-19 14:03:18,92900,-22.9143562,-43.5618957,36.599998474121094
2019-11-19 14:03:18,93001,-22.9143562,-43.5618957,36.599998474121094
2019-11-19 14:03:18,93100,-22.9143562,-43.5618957,36.599998474121094
2019-11-19 14:03:18,93200,-22.9143562,-43.5618957,36.599998474121094
2019-11-19 14:03:19,93300,-22.9143,-43.5617743,36.599998474121094
2019-11-19 14:03:19,93400,-22.9143,-43.5617743,36.599998474121094
2019-11-19 14:03:19,93500,-22.9143,-43.5617743,36.599998474121094
2019-11-19 14:03:19,93601,-22.9143,-43.5617743,36.599998474121094
2019-11-19 14:03:19,93700,-22.9143,-43.5617743,36.599998474121094
2019-11-19 14:03:19,93801,-22.9143,-43.5617743,36.599998474121094
2019-11-19 14:03:19,93900,-22.9143,-43.5617743,36.599998474121094
2019-11-19 14:03:19,94001,-22.9143,-43.5617743,36.599998474121094
2019-11-19 14:03:19,94100,-22.9143,-43.5617743,36.599998474121094
2019-11-19 14:03:19,94201,-22.9143,-43.5617743,36.599998474121094
2019-11-19 14:03:20,94300,-22.9143,-43.5617743,36.599998474121094
2019-11-19 14:03:20,94400,-22.9143,-43.5617743,36.599998474121094
2019-11-19 14:03:20,94501,-22.9143,-43.5617743,36.599998474121094
2019-11-19 14:03:20,94600,-22.9143,-43.5617743,36.599998474121094
2019-11-19 14:03:20,94700,-22.9143,-43.5617743,36.599998474121094
2019-11-19 14:03:20,94801,-22.9143,-43.5617743,36.599998474121094
2019-11-19 14:03:20,94900,-22.9143,-43.5617743,36.599998474121094
2019-11-19 14:03:20,95000,-22.9143,-43.5617743,36.599998474121094
2019-11-19 14:03:20,95101,-22.9143,-43.5617743,36.599998474121094
2019-11-19 14:03:20,95200,-22.9143,-43.5617743,36.599998474121094
2019-11-19 14:03:21,95301,-22.9143,-43.5617743,36.599998474121094
2019-11-19 14:03:21,95400,-22.9143,-43.5617743,36.599998474121094
2019-11-19 14:03:21,95501,-22.9143,-43.5617743,36.599998474121094
2019-11-19 14:03:21,95601,-22.9143,-43.5617743,36.599998474121094
2019-11-19 14:03:21,95700,-22.9143,-43.5617743,36.599998474121094
2019-11-19 14:03:21,95800,-22.9143,-43.5617743,36.599998474121094
2019-11-19 14:03:21,95901,-22.9143,-43.5617743,36.599998474121094
2019-11-19 14:03:21,96000,-22.9143,-43.5617743,36.599998474121094
2019-11-19 14:03:21,96100,-22.9143,-43.5617743,36.599998474121094
2019-11-19 14:03:21,96201,-22.9143,-43.5617743,36.599998474121094
2019-11-19 14:03:22,96300,-22.9143,-43.5617743,36.599998474121094
2019-11-19 14:03:22,96401,-22.9143,-43.5617743,36.599998474121094
2019-11-19 14:03:22,96500,-22.9143,-43.5617743,36.599998474121094
2019-11-19 14:03:22,96601,-22.9143,-43.5617743,36.599998474121094
2019-11-19 14:03:22,96700,-22.9143,-43.5617743,36.599998474121094
2019-11-19 14:03:22,96800,-22.9143,-43.5617743,36.599998474121094
2019-11-19 14:03:22,96901,-22.9143,-43.5617743,36.599998474121094
2019-11-19 14:03:22,97000,-22.9143,-43.5617743,36.599998474121094
2019-11-19 14:03:22,97100,-22.9143,-43.5617743,36.599998474121094
2019-11-19 14:03:22,97201,-22.9143,-43.5617743,36.599998474121094
2019-11-19 14:03:23,97300,-22.9143,-43.5617743,36.599998474121094
2019-11-19 14:03:23,97400,-22.9143,-43.5617743,36.599998474121094
2019-11-19 14:03:23,97500,-22.9143,-43.5617743,36.599998474121094
2019-11-19 14:03:23,97600,-22.9143,-43.5617743,36.599998474121094
2019-11-19 14:03:23,97701,-22.9143,-43.5617743,36.599998474121094
2019-11-19 14:03:23,97800,-22.9143,-43.5617743,36.599998474121094
2019-11-19 14:03:23,97901,-22.9143,-43.5617743,36.599998474121094
2019-11-19 14:03:23,98000,-22.9143,-43.5617743,36.599998474121094
2019-11-19 14:03:23,98100,-22.9143,-43.5617743,36.599998474121094
2019-11-19 14:03:23,98200,-22.9143,-43.5617743,36.599998474121094
2019-11-19 14:03:24,98301,-22.9143,-43.5617743,36.599998474121094
2019-11-19 14:03:24,98400,-22.9143,-43.5617743,36.599998474121094
2019-11-19 14:03:24,98500,-22.9143,-43.5617743,36.599998474121094
2019-11-19 14:03:24,98601,-22.9143,-43.5617743,36.599998474121094
2019-11-19 14:03:24,98700,-22.9143,-43.5617743,36.599998474121094
2019-11-19 14:03:24,98800,-22.9143,-43.5617743,36.599998474121094
2019-11-19 14:03:24,98900,-22.9143,-43.5617743,36.599998474121094
2019-11-19 14:03:24,99001,-22.9143,-43.5617743,36.599998474121094
2019-11-19 14:03:24,99100,-22.9143,-43.5617743,36.599998474121094
2019-11-19 14:03:24,99200,-22.9143,-43.5617743,36.599998474121094
2019-11-19 14:03:25,99301,-22.9143,-43.5617743,36.599998474121094
2019-11-19 14:03:25,99400,-22.9143,-43.5617743,36.599998474121094
2019-11-19 14:03:25,99500,-22.9143,-43.5617743,36.599998474121094
2019-11-19 14:03:25,99601,-22.9143,-43.5617743,36.599998474121094
2019-11-19 14:03:25,99700,-22.9143,-43.5617743,36.599998474121094
2019-11-19 14:03:25,99800,-22.9143,-43.5617743,36.599998474121094
2019-11-19 14:03:25,99900,-22.9143,-43.5617743,36.599998474121094
2019-11-19 14:03:25,100000,-22.9143,-43.5617743,36.599998474121094
2019-11-19 14:03:25,100101,-22.9143,-43.5617743,36.599998474121094
2019-11-19 14:03:25,100200,-22.9143,-43.5617743,36.599998474121094
2019-11-19 14:03:26,100300,-22.9143,-43.5617743,36.599998474121094
2019-11-19 14:03:26,100401,-22.9143,-43.5617743,36.599998474121094
2019-11-19 14:03:26,100500,-22.9143,-43.5617743,36.599998474121094
2019-11-19 14:03:26,100600,-22.9141748,-43.5614403,36.599998474121094
2019-11-19 14:03:26,100700,-22.9141748,-43.5614403,36.599998474121094
2019-11-19 14:03:26,100801,-22.9141748,-43.5614403,36.599998474121094
2019-11-19 14:03:26,100900,-22.9141748,-43.5614403,36.599998474121094
2019-11-19 14:03:26,101000,-22.9141748,-43.5614403,36.599998474121094
2019-11-19 14:03:26,101101,-22.9141748,-43.5614403,36.599998474121094
2019-11-19 14:03:26,101200,-22.9141748,-43.5614403,36.599998474121094
2019-11-19 14:03:27,101300,-22.9141748,-43.5614403,36.599998474121094
2019-11-19 14:03:27,101401,-22.9141748,-43.5614403,36.599998474121094
2019-11-19 14:03:27,101500,-22.9141748,-43.5614403,36.599998474121094
2019-11-19 14:03:27,101601,-22.9141748,-43.5614403,36.599998474121094
2019-11-19 14:03:27,101700,-22.9141748,-43.5614403,36.599998474121094
2019-11-19 14:03:27,101801,-22.9141748,-43.5614403,36.599998474121094
2019-11-19 14:03:27,101900,-22.9141748,-43.5614403,36.599998474121094
2019-11-19 14:03:27,102000,-22.9141748,-43.5614403,36.599998474121094
2019-11-19 14:03:27,102101,-22.9141748,-43.5614403,36.599998474121094
2019-11-19 14:03:27,102200,-22.9141748,-43.5614403,36.599998474121094
2019-11-19 14:03:28,102301,-22.9141748,-43.5614403,36.599998474121094
2019-11-19 14:03:28,102400,-22.9141748,-43.5614403,36.599998474121094
2019-11-19 14:03:28,102500,-22.9141748,-43.5614403,36.599998474121094
2019-11-19 14:03:28,102601,-22.9141748,-43.5614403,36.599998474121094
2019-11-19 14:03:28,102700,-22.9141748,-43.5614403,36.599998474121094
2019-11-19 14:03:28,102800,-22.9141748,-43.5614403,36.599998474121094
2019-11-19 14:03:28,102901,-22.9141748,-43.5614403,36.599998474121094
2019-11-19 14:03:28,103000,-22.9141748,-43.5614403,36.599998474121094
2019-11-19 14:03:28,103100,-22.9141748,-43.5614403,36.599998474121094
2019-11-19 14:03:28,103201,-22.9141748,-43.5614403,36.599998474121094
2019-11-19 14:03:29,103300,-22.9141748,-43.5614403,36.599998474121094
2019-11-19 14:03:29,103401,-22.9141748,-43.5614403,36.599998474121094
2019-11-19 14:03:29,103500,-22.9141748,-43.5614403,36.599998474121094
2019-11-19 14:03:29,103601,-22.9141748,-43.5614403,36.599998474121094
2019-11-19 14:03:29,103700,-22.9141748,-43.5614403,36.599998474121094
2019-11-19 14:03:29,103800,-22.9141748,-43.5614403,36.599998474121094
2019-11-19 14:03:29,103901,-22.9141748,-43.5614403,36.599998474121094
2019-11-19 14:03:29,104000,-22.9141748,-43.5614403,36.599998474121094
2019-11-19 14:03:29,104100,-22.9141748,-43.5614403,36.599998474121094
2019-11-19 14:03:29,104201,-22.9141748,-43.5614403,36.599998474121094
2019-11-19 14:03:30,104300,-22.9141748,-43.5614403,36.599998474121094
2019-11-19 14:03:30,104400,-22.9141748,-43.5614403,36.599998474121094
2019-11-19 14:03:30,104500,-22.9141748,-43.5614403,36.599998474121094
2019-11-19 14:03:30,104601,-22.9141748,-43.5614403,36.599998474121094
2019-11-19 14:03:30,104700,-22.9141748,-43.5614403,36.599998474121094
2019-11-19 14:03:30,104800,-22.9141748,-43.5614403,36.599998474121094
2019-11-19 14:03:30,104900,-22.9141748,-43.5614403,36.599998474121094
2019-11-19 14:03:30,105001,-22.9141748,-43.5614403,36.599998474121094
2019-11-19 14:03:30,105100,-22.9141748,-43.5614403,36.599998474121094
2019-11-19 14:03:30,105201,-22.9141748,-43.5614403,36.599998474121094
2019-11-19 14:03:31,105300,-22.9141748,-43.5614403,36.599998474121094
2019-11-19 14:03:31,105400,-22.9141748,-43.5614403,36.599998474121094
2019-11-19 14:03:31,105501,-22.9141748,-43.5614403,36.599998474121094
2019-11-19 14:03:31,105600,-22.9141748,-43.5614403,36.599998474121094
2019-11-19 14:03:31,105700,-22.9141748,-43.5614403,36.599998474121094
2019-11-19 14:03:31,105800,-22.9141748,-43.5614403,36.599998474121094
2019-11-19 14:03:31,105901,-22.9141748,-43.5614403,36.599998474121094
2019-11-19 14:03:31,106000,-22.9141748,-43.5614403,36.599998474121094
2019-11-19 14:03:31,106100,-22.9143385,-43.5605956,36.599998474121094
2019-11-19 14:03:31,106200,-22.9143385,-43.5605956,36.599998474121094
2019-11-19 14:03:32,106301,-22.9143385,-43.5605956,36.599998474121094
2019-11-19 14:03:32,106400,-22.9143385,-43.5605956,36.599998474121094
2019-11-19 14:03:32,106500,-22.9143385,-43.5605956,36.599998474121094
2019-11-19 14:03:32,106601,-22.9143385,-43.5605956,36.599998474121094
2019-11-19 14:03:32,106701,-22.9143385,-43.5605956,36.599998474121094
2019-11-19 14:03:32,106800,-22.9143385,-43.5605956,36.599998474121094
2019-11-19 14:03:32,106901,-22.9143385,-43.5605956,36.599998474121094
2019-11-19 14:03:32,107000,-22.9143385,-43.5605956,36.599998474121094
2019-11-19 14:03:32,107100,-22.9143385,-43.5605956,36.599998474121094
2019-11-19 14:03:32,107200,-22.9143385,-43.5605956,36.599998474121094
2019-11-19 14:03:33,107301,-22.9143385,-43.5605956,36.599998474121094
2019-11-19 14:03:33,107400,-22.9143385,-43.5605956,36.599998474121094
2019-11-19 14:03:33,107500,-22.9143385,-43.5605956,36.599998474121094
2019-11-19 14:03:33,107601,-22.9143385,-43.5605956,36.599998474121094
2019-11-19 14:03:33,107700,-22.9143385,-43.5605956,36.599998474121094
2019-11-19 14:03:33,107801,-22.9143385,-43.5605956,36.599998474121094
2019-11-19 14:03:33,107900,-22.9143385,-43.5605956,36.599998474121094
2019-11-19 14:03:33,108000,-22.9143385,-43.5605956,36.599998474121094
2019-11-19 14:03:33,108100,-22.9143385,-43.5605956,36.599998474121094
2019-11-19 14:03:33,108200,-22.9143385,-43.5605956,36.599998474121094
2019-11-19 14:03:34,108300,-22.9143385,-43.5605956,36.599998474121094
2019-11-19 14:03:34,108400,-22.9143385,-43.5605956,36.599998474121094
2019-11-19 14:03:34,108501,-22.9143385,-43.5605956,36.599998474121094
2019-11-19 14:03:34,108600,-22.9143385,-43.5605956,36.599998474121094
2019-11-19 14:03:34,108700,-22.9143385,-43.5605956,36.599998474121094
2019-11-19 14:03:34,108800,-22.9143385,-43.5605956,36.599998474121094
2019-11-19 14:03:34,108901,-22.9143385,-43.5605956,36.599998474121094
2019-11-19 14:03:34,109000,-22.9143385,-43.5605956,36.599998474121094
2019-11-19 14:03:34,109100,-22.9143385,-43.5605956,36.599998474121094
2019-11-19 14:03:34,109200,-22.9143385,-43.5605956,36.599998474121094
2019-11-19 14:03:35,109301,-22.9143385,-43.5605956,36.599998474121094
2019-11-19 14:03:35,109400,-22.9143385,-43.5605956,36.599998474121094
2019-11-19 14:03:35,109500,-22.9143385,-43.5605956,36.599998474121094
2019-11-19 14:03:35,109601,-22.9143385,-43.5605956,36.599998474121094
2019-11-19 14:03:35,109700,-22.9143385,-43.5605956,36.599998474121094
2019-11-19 14:03:35,109801,-22.9143385,-43.5605956,36.599998474121094
2019-11-19 14:03:35,109900,-22.9143385,-43.5605956,36.599998474121094
2019-11-19 14:03:35,110001,-22.9143385,-43.5605956,36.599998474121094
2019-11-19 14:03:35,110100,-22.9143385,-43.5605956,36.599998474121094
2019-11-19 14:03:35,110200,-22.9143385,-43.5605956,36.599998474121094
2019-11-19 14:03:36,110301,-22.9143385,-43.5605956,36.599998474121094
2019-11-19 14:03:36,110400,-22.9143385,-43.5605956,36.599998474121094
2019-11-19 14:03:36,110500,-22.9143385,-43.5605956,36.599998474121094
2019-11-19 14:03:36,110600,-22.9143385,-43.5605956,36.599998474121094
2019-11-19 14:03:36,110701,-22.9143385,-43.5605956,36.599998474121094
2019-11-19 14:03:36,110800,-22.9143385,-43.5605956,36.599998474121094
2019-11-19 14:03:36,110900,-22.9143385,-43.5605956,36.599998474121094
2019-11-19 14:03:36,111000,-22.9143385,-43.5605956,36.599998474121094
2019-11-19 14:03:36,111101,-22.9143385,-43.5605956,36.599998474121094
2019-11-19 14:03:36,111200,-22.9143385,-43.5605956,36.599998474121094
2019-11-19 14:03:37,111300,-22.9143385,-43.5605956,36.599998474121094
2019-11-19 14:03:37,111400,-22.9143385,-43.5605956,36.599998474121094
2019-11-19 14:03:37,111500,-22.9144189,-43.5602883,36.599998474121094
2019-11-19 14:03:37,111600,-22.9144189,-43.5602883,36.599998474121094
2019-11-19 14:03:37,111700,-22.9144189,-43.5602883,36.599998474121094
2019-11-19 14:03:37,111800,-22.9144189,-43.5602883,36.599998474121094
2019-11-19 14:03:37,111902,-22.9144189,-43.5602883,36.599998474121094
2019-11-19 14:03:37,112000,-22.9144189,-43.5602883,36.599998474121094
2019-11-19 14:03:37,112100,-22.9144189,-43.5602883,36.599998474121094
2019-11-19 14:03:37,112200,-22.9144189,-43.5602883,36.599998474121094
2019-11-19 14:03:38,112301,-22.9144189,-43.5602883,36.599998474121094
2019-11-19 14:03:38,112401,-22.9144189,-43.5602883,36.599998474121094
2019-11-19 14:03:38,112500,-22.9144189,-43.5602883,36.599998474121094
2019-11-19 14:03:38,112600,-22.9144189,-43.5602883,36.599998474121094
2019-11-19 14:03:38,112700,-22.9144189,-43.5602883,36.599998474121094
2019-11-19 14:03:38,112800,-22.9144189,-43.5602883,36.599998474121094
2019-11-19 14:03:38,112901,-22.9144189,-43.5602883,36.599998474121094
2019-11-19 14:03:38,113001,-22.9144189,-43.5602883,36.599998474121094
2019-11-19 14:03:38,113100,-22.9144189,-43.5602883,36.599998474121094
2019-11-19 14:03:38,113200,-22.9144189,-43.5602883,36.599998474121094
2019-11-19 14:03:39,113300,-22.9144189,-43.5602883,36.599998474121094
2019-11-19 14:03:39,113401,-22.9144189,-43.5602883,36.599998474121094
2019-11-19 14:03:39,113500,-22.9144189,-43.5602883,36.599998474121094
2019-11-19 14:03:39,113600,-22.9144189,-43.5602883,36.599998474121094
2019-11-19 14:03:39,113700,-22.9144189,-43.5602883,36.599998474121094
2019-11-19 14:03:39,113801,-22.9144189,-43.5602883,36.599998474121094
2019-11-19 14:03:39,113900,-22.9144189,-43.5602883,36.599998474121094
2019-11-19 14:03:39,114000,-22.9144189,-43.5602883,36.599998474121094
2019-11-19 14:03:39,114100,-22.9144189,-43.5602883,36.599998474121094
2019-11-19 14:03:39,114200,-22.9144189,-43.5602883,36.599998474121094
2019-11-19 14:03:40,114301,-22.9144189,-43.5602883,36.599998474121094
2019-11-19 14:03:40,114400,-22.9144189,-43.5602883,36.599998474121094
2019-11-19 14:03:40,114500,-22.9144189,-43.5602883,36.599998474121094
2019-11-19 14:03:40,114600,-22.9144189,-43.5602883,36.599998474121094
2019-11-19 14:03:40,114700,-22.9144189,-43.5602883,36.599998474121094
2019-11-19 14:03:40,114801,-22.9144189,-43.5602883,36.599998474121094
2019-11-19 14:03:40,114900,-22.9144189,-43.5602883,36.599998474121094
2019-11-19 14:03:40,115000,-22.9144189,-43.5602883,36.599998474121094
2019-11-19 14:03:40,115101,-22.9144189,-43.5602883,36.599998474121094
2019-11-19 14:03:40,115200,-22.9144189,-43.5602883,36.599998474121094
2019-11-19 14:03:41,115300,-22.9144189,-43.5602883,36.599998474121094
2019-11-19 14:03:41,115401,-22.9144189,-43.5602883,36.599998474121094
2019-11-19 14:03:41,115500,-22.9144189,-43.5602883,36.599998474121094
2019-11-19 14:03:41,115600,-22.9144189,-43.5602883,36.599998474121094
2019-11-19 14:03:41,115700,-22.9144189,-43.5602883,36.599998474121094
2019-11-19 14:03:41,115801,-22.9144189,-43.5602883,36.599998474121094
